{
  "tables": {
    "related_articles": [
      {
        "name": "_id",
        "dataType": "System.Guid",
        "length": 16,
        "isComplex": false,
        "relativePosition": 0,
        "clrType": "System.Guid, mscorlib, Version=4.0.0.0, Culture=neutral, PublicKeyToken=b77a5c561934e089",
        "isIncremental": false,
        "seed": 0,
        "increment": 0,
        "isIndex": true,
        "isPrimaryKey": true,
        "isUnique": true,
        "isSystem": true,
        "controlType": null,
        "setting": null
      },
      {
        "name": "title",
        "dataType": "System.String",
        "length": 1024,
        "isComplex": false,
        "relativePosition": 24,
        "clrType": "System.String, mscorlib, Version=4.0.0.0, Culture=neutral, PublicKeyToken=b77a5c561934e089",
        "isIncremental": false,
        "seed": 1,
        "increment": 1,
        "isIndex": false,
        "isPrimaryKey": false,
        "isUnique": false,
        "isSystem": false,
        "controlType": "TextBox",
        "setting": "{\"options\":[],\"validations\":[]}"
      },
      {
        "name": "img_src",
        "dataType": "System.String",
        "length": 1024,
        "isComplex": false,
        "relativePosition": 1056,
        "clrType": "System.String, mscorlib, Version=4.0.0.0, Culture=neutral, PublicKeyToken=b77a5c561934e089",
        "isIncremental": false,
        "seed": 1,
        "increment": 1,
        "isIndex": false,
        "isPrimaryKey": false,
        "isUnique": false,
        "isSystem": false,
        "controlType": "TextBox",
        "setting": "{\"options\":[],\"validations\":[]}"
      },
      {
        "name": "detail",
        "dataType": "System.String",
        "length": 1024,
        "isComplex": false,
        "relativePosition": 2088,
        "clrType": "System.String, mscorlib, Version=4.0.0.0, Culture=neutral, PublicKeyToken=b77a5c561934e089",
        "isIncremental": false,
        "seed": 1,
        "increment": 1,
        "isIndex": false,
        "isPrimaryKey": false,
        "isUnique": false,
        "isSystem": false,
        "controlType": "Tinymce",
        "setting": "{\"options\":[],\"validations\":[]}"
      },
      {
        "name": "keyword",
        "dataType": "System.String",
        "length": 1024,
        "isComplex": false,
        "relativePosition": 3120,
        "clrType": "System.String, mscorlib, Version=4.0.0.0, Culture=neutral, PublicKeyToken=b77a5c561934e089",
        "isIncremental": false,
        "seed": 1,
        "increment": 1,
        "isIndex": false,
        "isPrimaryKey": false,
        "isUnique": false,
        "isSystem": false,
        "controlType": "TextBox",
        "setting": "{\"options\":[],\"validations\":[]}"
      }
    ]
  }
}